<?xml version="1.0" encoding="UTF-8"?>

<beans xmlns="http://www.springframework.org/schema/beans"
	   xmlns:xsi="http://www.w3.org/2001/XMLSchema-instance"
	   xmlns:tx="http://www.springframework.org/schema/tx"
	   xmlns:context="http://www.springframework.org/schema/context"
	   xmlns:aop="http://www.springframework.org/schema/aop"
	   xmlns:task="http://www.springframework.org/schema/task" 
	   xmlns:p="http://www.springframework.org/schema/p"
	   xmlns:util="http://www.springframework.org/schema/util"
	   xsi:schemaLocation="
    	http://www.springframework.org/schema/beans 
    	http://www.springframework.org/schema/beans/spring-beans-4.0.xsd
    	http://www.springframework.org/schema/tx 
    	http://www.springframework.org/schema/tx/spring-tx-4.0.xsd
    	http://www.springframework.org/schema/aop 
    	http://www.springframework.org/schema/aop/spring-aop-4.0.xsd
        http://www.springframework.org/schema/context 
        http://www.springframework.org/schema/context/spring-context-4.0.xsd
        http://www.springframework.org/schema/task 
        http://www.springframework.org/schema/task/spring-task-3.0.xsd
        http://www.springframework.org/schema/util
		http://www.springframework.org/schema/util/spring-util-4.1.xsd">
        
	<task:annotation-driven/> 

	<!--	SERVLET   -->
	<context:component-scan base-package="com.speed.template.controller.servlet" />


	<bean id="viewResolver" class="org.springframework.web.servlet.view.InternalResourceViewResolver">
	    <property name="prefix" value="/jsp/"/>
	    <property name="suffix" value=".jsp"/>
	</bean>

	<bean id="multipartResolver"
	    class="org.springframework.web.multipart.commons.CommonsMultipartResolver">
	    <!-- one of the properties available; the maximum file size in bytes -->
	    <property name="maxUploadSize" value="10485760"/>
	</bean>


	
</beans>
