<?xml version="1.0" encoding="UTF-8"?>    
<!DOCTYPE log4j:configuration PUBLIC "-//APACHE//DTD LOG4J 1.2//EN" "log4j.dtd">  
<log4j:configuration xmlns:log4j="http://jakarta.apache.org/log4j/">  
  <!-- [控制台STDOUT] -->  
  <appender name="console" class="org.apache.log4j.ConsoleAppender">  
     <param name="encoding" value="utf-8" />  
     <param name="target" value="System.out" />  
     <layout class="org.apache.log4j.PatternLayout">  
       <param name="ConversionPattern" value="%-5p %c{2} - %m%n" />  
     </layout>  
  </appender>  
  
  <!-- [公共Appender] -->  
  <appender name="DEFAULT-APPENDER" class="org.apache.log4j.DailyRollingFileAppender">  
     <param name="File" value="${catalina.home}/logs/common-default.log" />  
     <param name="Append" value="true" />  
     <param name="encoding" value="utf-8" />  
     <param name="DatePattern" value="'.'yyyy-MM-dd'.log'" />  
     <layout class="org.apache.log4j.PatternLayout">  
    <param name="ConversionPattern" value="%d %-5p %c{2} - %m%n" />  
     </layout>  
   </appender>  
  
   <!-- [错误日志APPENDER] -->  
   <appender name="ERROR-APPENDER" class="org.apache.log4j.DailyRollingFileAppender">  
     <param name="File" value="${catalina.home}/logs/common-error.log" />  
     <param name="Append" value="true" />  
     <param name="encoding" value="utf-8" />  
     <param name="threshold" value="error" />  
     <param name="DatePattern" value="'.'yyyy-MM-dd'.log'" />  
     <layout class="org.apache.log4j.PatternLayout">  
        <param name="ConversionPattern" value="%d %-5p %c{2} - %m%n" />  
     </layout>  
   </appender>  
  
   <!-- [NC  APPENDER] -->  
   <appender name="NC-APPENDER"  
	class="org.apache.log4j.DailyRollingFileAppender">  
     <param name="File" value="${catalina.home}/logs/nc.log" />  
     <param name="Append" value="true" />  
     <param name="encoding" value="utf-8" />  
     <param name="DatePattern" value="'.'yyyy-MM-dd'.log'" />  
     <layout class="org.apache.log4j.PatternLayout">  
    	<param name="ConversionPattern" value="%d %-5p %c{2} - %m%n" />  
     </layout>  
   </appender>  
   
   <!-- [REPORT  APPENDER] -->  
   <appender name="REPORT-APPENDER"  
	class="org.apache.log4j.DailyRollingFileAppender">  
     <param name="File" value="${catalina.home}/logs/report-frame.log" />  
     <param name="Append" value="true" />  
     <param name="encoding" value="utf-8" />  
     <param name="DatePattern" value="'.'yyyy-MM-dd'.log'" />  
     <layout class="org.apache.log4j.PatternLayout">  
    	<param name="ConversionPattern" value="%d %-5p %c{2} - %m%n" />  
     </layout>  
   </appender>  
   
      <!-- [REPORT  APPENDER] -->  
   <appender name="REPORT-TRACE-APPENDER"  
	class="org.apache.log4j.DailyRollingFileAppender">  
     <param name="File" value="${catalina.home}/logs/report-frame-trace.log" />  
     <param name="Append" value="true" />  
     <param name="encoding" value="utf-8" />  
     <param name="DatePattern" value="'.'yyyy-MM-dd'.log'" />  
     <layout class="org.apache.log4j.PatternLayout">  
    	<param name="ConversionPattern" value="%d %-5p %c{2} - %m%n" />  
     </layout>  
   </appender>  

  
  <appender name="NC-APPENDER1"  
	class="org.apache.log4j.DailyRollingFileAppender">  
     <param name="File" value="${webapp.root}/logs/nc1.log" />  
     <param name="Append" value="true" />  
     <param name="encoding" value="utf-8" />  
     <param name="DatePattern" value="'.'yyyy-MM-dd'.log'" />  
     <layout class="org.apache.log4j.PatternLayout">  
    	<param name="ConversionPattern" value="%d %-5p %c{2} - %m%n" />  
     </layout>  
   </appender>  
   <!-- [组件日志] -->  
   <logger name="LOG-NC">  
      <level value="DEBUG" />  
      <appender-ref ref="NC-APPENDER" />
      <appender-ref ref="console" />
   </logger>  
   
   <logger name="ACCOUNT">  
      <level value="DEBUG" />  
      <appender-ref ref="DEFAULT-APPENDER" />
      <appender-ref ref="console" />
   </logger>  
   
   <logger name="WEBSERVICE">  
      <level value="DEBUG" />  
      <appender-ref ref="DEFAULT-APPENDER" />
      <appender-ref ref="console" />
   </logger>  
   
   <logger name="DBTRANS">  
      <level value="DEBUG" />  
      <appender-ref ref="DEFAULT-APPENDER" />
      <appender-ref ref="console" />
   </logger>  
  
   <!-- [组件日志] -->  
   <logger name="REPORT-FRAME">  
      <level value="DEBUG" />  
      <appender-ref ref="REPORT-APPENDER" />
      <appender-ref ref="console" />
   </logger>  
   
   <logger name="REPORT-TRACE">  
      <level value="INFO" />  
      <appender-ref ref="console" />
   </logger>  
  
   <!-- Root Logger -->  
   <root>  
       <level value="INFO"></level>  
       <appender-ref ref="DEFAULT-APPENDER" />  
       <appender-ref ref="ERROR-APPENDER" />  
   </root>  
</log4j:configuration>  