<?xml version="1.0" encoding="UTF-8"?>
<beans xmlns="http://www.springframework.org/schema/beans"
	xmlns:xsi="http://www.w3.org/2001/XMLSchema-instance" xmlns:tx="http://www.springframework.org/schema/tx"
	xmlns:context="http://www.springframework.org/schema/context"
	xmlns:aop="http://www.springframework.org/schema/aop" xmlns:task="http://www.springframework.org/schema/task"
	xmlns:jaxws="http://cxf.apache.org/jaxws" xmlns:http-conf="http://cxf.apache.org/transports/http/configuration"
	xsi:schemaLocation="
    	http://www.springframework.org/schema/beans 
    	http://www.springframework.org/schema/beans/spring-beans-4.0.xsd
    	http://www.springframework.org/schema/tx 
    	http://www.springframework.org/schema/tx/spring-tx-4.0.xsd
    	http://www.springframework.org/schema/aop 
    	http://www.springframework.org/schema/aop/spring-aop-4.0.xsd
        http://www.springframework.org/schema/context 
        http://www.springframework.org/schema/context/spring-context-4.0.xsd
        http://www.springframework.org/schema/task 
        http://www.springframework.org/schema/task/spring-task-3.0.xsd
        http://cxf.apache.org/jaxws   
        http://cxf.apache.org/schemas/jaxws.xsd  
        http://cxf.apache.org/transports/http/configuration      
        http://cxf.apache.org/schemas/configuration/http-conf.xsd">

	<import resource="classpath:META-INF/cxf/cxf.xml" />
	<import resource="classpath:META-INF/cxf/cxf-servlet.xml" />

 	<bean id="testService" class="com.speed.template.controller.webservice.test.TestWS" />
	<jaxws:server id="testServiceServer"
		serviceClass="com.speed.template.controller.webservice.test.TestWS"
		address="/testService">
		<jaxws:serviceBean>
			<ref bean="testService" />
		</jaxws:serviceBean>
	</jaxws:server> 

	<context:component-scan base-package="com.speed.template.controller.webservice" />
</beans>
