<?xml version="1.0" encoding="UTF-8"?>

<beans xmlns="http://www.springframework.org/schema/beans"
	   xmlns:xsi="http://www.w3.org/2001/XMLSchema-instance"
	   xmlns:tx="http://www.springframework.org/schema/tx"
	   xmlns:context="http://www.springframework.org/schema/context"
	   xmlns:aop="http://www.springframework.org/schema/aop"
	   xmlns:task="http://www.springframework.org/schema/task" 
	   xmlns:p="http://www.springframework.org/schema/p"
	   xmlns:util="http://www.springframework.org/schema/util"
	   xsi:schemaLocation="
    	http://www.springframework.org/schema/beans 
    	http://www.springframework.org/schema/beans/spring-beans-4.0.xsd
    	http://www.springframework.org/schema/tx 
    	http://www.springframework.org/schema/tx/spring-tx-4.0.xsd
    	http://www.springframework.org/schema/aop 
    	http://www.springframework.org/schema/aop/spring-aop-4.0.xsd
        http://www.springframework.org/schema/context 
        http://www.springframework.org/schema/context/spring-context-4.0.xsd
        http://www.springframework.org/schema/task 
        http://www.springframework.org/schema/task/spring-task-3.0.xsd
        http://www.springframework.org/schema/util
		http://www.springframework.org/schema/util/spring-util-4.1.xsd">
        

  	<context:annotation-config/>

 <!--	<bean class="org.springframework.session.data.redis.config.annotation.web.http.RedisHttpSessionConfiguration">
		<property name="maxInactiveIntervalInSeconds" value="2700"></property>
	</bean>

	<bean class="org.springframework.data.redis.connection.lettuce.LettuceConnectionFactory">
	 	<property name="hostName" value="localhost"/>
	    <property name="port" value="6379"/> 
	</bean> 
	
	<util:constant
    static-field="org.springframework.session.data.redis.config.ConfigureRedisAction.NO_OP"/>
 -->
	
	
 	<bean class="org.springframework.session.config.annotation.web.http.SpringHttpSessionConfiguration">
	</bean>

	<bean class="com.spring.session.repository.MapIndexNameSessionRepository">
		<property name="defaultMaxInactiveInterval" value="2700"/> 
	</bean>

    <!--  <bean class="com.speed.template.common.OnlineService"/>  -->
</beans>
